[{"model": "sessions.session", "pk": "130m2mfrcxftw95lw83lo8gl8gire6oh", "fields": {"session_data": "ZTBkNzRmZThiM2I0MTkxNGIwMmQ3NGNmYzcyMjhiZjVmYjViOWE0Zjp7Il9hdXRoX3VzZXJfaWQiOiIxMSIsIl9hdXRoX3VzZXJfYmFja2VuZCI6ImRqYW5nby5jb250cmliLmF1dGguYmFja2VuZHMuTW9kZWxCYWNrZW5kIiwiX2F1dGhfdXNlcl9oYXNoIjoiMWU3YzEzMWFjMDk1NWUxYTMzMzcxMTQ2N2QxYWIxNmEyNWI0MWUwYiJ9", "expire_date": "2019-02-25T13:51:48.641Z"}}, {"model": "sessions.session", "pk": "33inmpbo6ylqeycio64mnqd39mjwksbk", "fields": {"session_data": "YWU1MmM5OTk0MTJiODQ1MTI5NWY3YjNhODJlNDEyNGM5YTVhYWQxNzp7Il9hdXRoX3VzZXJfaWQiOiIxIiwiX2F1dGhfdXNlcl9iYWNrZW5kIjoiZGphbmdvLmNvbnRyaWIuYXV0aC5iYWNrZW5kcy5Nb2RlbEJhY2tlbmQiLCJfYXV0aF91c2VyX2hhc2giOiI2NWFjMjliZTYxOTU5OWM3MWI1ZTVhNmQ0NDdmZTFkYzY5NTNhYzY1In0=", "expire_date": "2019-01-28T16:54:02.398Z"}}, {"model": "sessions.session", "pk": "9vs6hqydky3gg44dip31h35cur6gkp2t", "fields": {"session_data": "YWU1MmM5OTk0MTJiODQ1MTI5NWY3YjNhODJlNDEyNGM5YTVhYWQxNzp7Il9hdXRoX3VzZXJfaWQiOiIxIiwiX2F1dGhfdXNlcl9iYWNrZW5kIjoiZGphbmdvLmNvbnRyaWIuYXV0aC5iYWNrZW5kcy5Nb2RlbEJhY2tlbmQiLCJfYXV0aF91c2VyX2hhc2giOiI2NWFjMjliZTYxOTU5OWM3MWI1ZTVhNmQ0NDdmZTFkYzY5NTNhYzY1In0=", "expire_date": "2019-02-12T10:10:45.222Z"}}, {"model": "sessions.session", "pk": "a74sloxsxrulb1nfkkaeeg3u4iug29mg", "fields": {"session_data": "MjE3MjdiNGM5Y2JmZDdkZDM0Yzc2MWJmNDIyN2MxOTM3MjkzNGVhNTp7Il9hdXRoX3VzZXJfaWQiOiIxIiwiX2F1dGhfdXNlcl9iYWNrZW5kIjoiZGphbmdvLmNvbnRyaWIuYXV0aC5iYWNrZW5kcy5Nb2RlbEJhY2tlbmQiLCJfYXV0aF91c2VyX2hhc2giOiJiZDQyMjg4OTYxZTBiM2ZkOTAxMzExY2I4ZmIwYzI0ZTY3MmIwMGVkIn0=", "expire_date": "2017-11-01T08:03:03.068Z"}}, {"model": "sessions.session", "pk": "c76grvtynt4h5x2tyx7txnc5dvan15ah", "fields": {"session_data": "ZTBkNzRmZThiM2I0MTkxNGIwMmQ3NGNmYzcyMjhiZjVmYjViOWE0Zjp7Il9hdXRoX3VzZXJfaWQiOiIxMSIsIl9hdXRoX3VzZXJfYmFja2VuZCI6ImRqYW5nby5jb250cmliLmF1dGguYmFja2VuZHMuTW9kZWxCYWNrZW5kIiwiX2F1dGhfdXNlcl9oYXNoIjoiMWU3YzEzMWFjMDk1NWUxYTMzMzcxMTQ2N2QxYWIxNmEyNWI0MWUwYiJ9", "expire_date": "2019-02-25T13:29:02.159Z"}}, {"model": "sessions.session", "pk": "dx8azwsezebkm1y67lhgf7fli3q9vm2c", "fields": {"session_data": "YWU1MmM5OTk0MTJiODQ1MTI5NWY3YjNhODJlNDEyNGM5YTVhYWQxNzp7Il9hdXRoX3VzZXJfaWQiOiIxIiwiX2F1dGhfdXNlcl9iYWNrZW5kIjoiZGphbmdvLmNvbnRyaWIuYXV0aC5iYWNrZW5kcy5Nb2RlbEJhY2tlbmQiLCJfYXV0aF91c2VyX2hhc2giOiI2NWFjMjliZTYxOTU5OWM3MWI1ZTVhNmQ0NDdmZTFkYzY5NTNhYzY1In0=", "expire_date": "2019-02-12T10:06:56.404Z"}}, {"model": "sessions.session", "pk": "elt5tfy3e25mou1db0vzd5jkb0rvvw2s", "fields": {"session_data": "YWU1MmM5OTk0MTJiODQ1MTI5NWY3YjNhODJlNDEyNGM5YTVhYWQxNzp7Il9hdXRoX3VzZXJfaWQiOiIxIiwiX2F1dGhfdXNlcl9iYWNrZW5kIjoiZGphbmdvLmNvbnRyaWIuYXV0aC5iYWNrZW5kcy5Nb2RlbEJhY2tlbmQiLCJfYXV0aF91c2VyX2hhc2giOiI2NWFjMjliZTYxOTU5OWM3MWI1ZTVhNmQ0NDdmZTFkYzY5NTNhYzY1In0=", "expire_date": "2019-02-03T13:42:11.402Z"}}, {"model": "sessions.session", "pk": "h57rl1pchi8k3cj0oadf79g30jgd07fk", "fields": {"session_data": "ZTBkNzRmZThiM2I0MTkxNGIwMmQ3NGNmYzcyMjhiZjVmYjViOWE0Zjp7Il9hdXRoX3VzZXJfaWQiOiIxMSIsIl9hdXRoX3VzZXJfYmFja2VuZCI6ImRqYW5nby5jb250cmliLmF1dGguYmFja2VuZHMuTW9kZWxCYWNrZW5kIiwiX2F1dGhfdXNlcl9oYXNoIjoiMWU3YzEzMWFjMDk1NWUxYTMzMzcxMTQ2N2QxYWIxNmEyNWI0MWUwYiJ9", "expire_date": "2019-02-22T14:23:28.072Z"}}, {"model": "sessions.session", "pk": "jpae2b623lharhmk5djo58s9sxss69gm", "fields": {"session_data": "ZTBkNzRmZThiM2I0MTkxNGIwMmQ3NGNmYzcyMjhiZjVmYjViOWE0Zjp7Il9hdXRoX3VzZXJfaWQiOiIxMSIsIl9hdXRoX3VzZXJfYmFja2VuZCI6ImRqYW5nby5jb250cmliLmF1dGguYmFja2VuZHMuTW9kZWxCYWNrZW5kIiwiX2F1dGhfdXNlcl9oYXNoIjoiMWU3YzEzMWFjMDk1NWUxYTMzMzcxMTQ2N2QxYWIxNmEyNWI0MWUwYiJ9", "expire_date": "2019-02-25T16:25:07.644Z"}}, {"model": "sessions.session", "pk": "mxvubetv8obi6h0cfm1bjka9jdlook7p", "fields": {"session_data": "ZTBkNzRmZThiM2I0MTkxNGIwMmQ3NGNmYzcyMjhiZjVmYjViOWE0Zjp7Il9hdXRoX3VzZXJfaWQiOiIxMSIsIl9hdXRoX3VzZXJfYmFja2VuZCI6ImRqYW5nby5jb250cmliLmF1dGguYmFja2VuZHMuTW9kZWxCYWNrZW5kIiwiX2F1dGhfdXNlcl9oYXNoIjoiMWU3YzEzMWFjMDk1NWUxYTMzMzcxMTQ2N2QxYWIxNmEyNWI0MWUwYiJ9", "expire_date": "2019-02-25T12:07:08.673Z"}}, {"model": "sessions.session", "pk": "qx8z2fo0bhrgj4wt99cv14p6xpbxkdky", "fields": {"session_data": "NjcyMTcxNTFlMTlmNWNiZjM2YzJiNDAxOTNhOTgxZDAzZTRjNDI2Zjp7Il9hdXRoX3VzZXJfaWQiOiIxIiwiX2F1dGhfdXNlcl9iYWNrZW5kIjoiZGphbmdvLmNvbnRyaWIuYXV0aC5iYWNrZW5kcy5Nb2RlbEJhY2tlbmQiLCJfYXV0aF91c2VyX2hhc2giOiJiYzlkZmFhZTM2YThlMWMzZTkzZTM2ZjMxNTk0OGEzOGQzOWRiZTQ0In0=", "expire_date": "2017-11-29T16:03:36.074Z"}}, {"model": "sessions.session", "pk": "ugva6vqek66ecnb73gszko2oeqvcbutw", "fields": {"session_data": "ZTBkNzRmZThiM2I0MTkxNGIwMmQ3NGNmYzcyMjhiZjVmYjViOWE0Zjp7Il9hdXRoX3VzZXJfaWQiOiIxMSIsIl9hdXRoX3VzZXJfYmFja2VuZCI6ImRqYW5nby5jb250cmliLmF1dGguYmFja2VuZHMuTW9kZWxCYWNrZW5kIiwiX2F1dGhfdXNlcl9oYXNoIjoiMWU3YzEzMWFjMDk1NWUxYTMzMzcxMTQ2N2QxYWIxNmEyNWI0MWUwYiJ9", "expire_date": "2019-02-16T04:44:15.682Z"}}, {"model": "sessions.session", "pk": "vrx1s79a5rqvzsgz2dqyh0xiuu30vdet", "fields": {"session_data": "YWU1MmM5OTk0MTJiODQ1MTI5NWY3YjNhODJlNDEyNGM5YTVhYWQxNzp7Il9hdXRoX3VzZXJfaWQiOiIxIiwiX2F1dGhfdXNlcl9iYWNrZW5kIjoiZGphbmdvLmNvbnRyaWIuYXV0aC5iYWNrZW5kcy5Nb2RlbEJhY2tlbmQiLCJfYXV0aF91c2VyX2hhc2giOiI2NWFjMjliZTYxOTU5OWM3MWI1ZTVhNmQ0NDdmZTFkYzY5NTNhYzY1In0=", "expire_date": "2019-02-13T13:36:15.021Z"}}, {"model": "sessions.session", "pk": "w00sh8xrql66oels9n0na63yfvax1ilq", "fields": {"session_data": "ZTBkNzRmZThiM2I0MTkxNGIwMmQ3NGNmYzcyMjhiZjVmYjViOWE0Zjp7Il9hdXRoX3VzZXJfaWQiOiIxMSIsIl9hdXRoX3VzZXJfYmFja2VuZCI6ImRqYW5nby5jb250cmliLmF1dGguYmFja2VuZHMuTW9kZWxCYWNrZW5kIiwiX2F1dGhfdXNlcl9oYXNoIjoiMWU3YzEzMWFjMDk1NWUxYTMzMzcxMTQ2N2QxYWIxNmEyNWI0MWUwYiJ9", "expire_date": "2019-02-22T12:32:30.121Z"}}, {"model": "mainapp.productcategory", "pk": 1, "fields": {"name": "\u0441\u0438\u0434\u0443\u0445\u0438", "description": "\u0441\u0443\u043f\u0435\u0440 \u0441\u0438\u0434\u0443\u0445\u0438fff", "is_active": true}}, {"model": "mainapp.productcategory", "pk": 2, "fields": {"name": "\u043e\u0444\u0438\u0441_\u0448\u043c\u043e\u0444\u0438\u0441", "description": "\u0441\u0442\u0438\u043b\u044c\u043d\u0430\u044f \u0438 \u043d\u0430\u0434\u0435\u0436\u043d\u0430\u044f \u043e\u0444\u0438\u0441\u043d\u0430\u044f \u043c\u0435\u0431\u0435\u043b\u044c \u043d\u043e\u0432\u043e\u0433\u043e \u043f\u043e\u043a\u043e\u043b\u0435\u043d\u0438\u044f.", "is_active": true}}, {"model": "mainapp.productcategory", "pk": 3, "fields": {"name": "\u043c\u043e\u0434\u0435\u0440\u043d-\u0448\u043c\u043e\u0434\u0435\u0440\u043d", "description": "\u043c\u0435\u0431\u0435\u043b\u044c \u0432 \u0441\u0442\u0438\u043b\u0435 \u041c\u041e\u0414\u0415\u0420\u041d \u043f\u043e\u0434\u043e\u0439\u0434\u0435\u0442 \u0434\u043b\u044f \u043b\u044e\u0431\u043e\u0433\u043e \u0438\u043d\u0442\u0435\u0440\u044c\u0435\u0440\u0430.", "is_active": true}}, {"model": "mainapp.productcategory", "pk": 4, "fields": {"name": "\u043a\u043b\u0430\u0441\u0441\u0438\u043a\u0430-\u0448\u043c\u0430\u0441\u0438\u043a\u0430", "description": "\u043a\u043b\u0430\u0441\u0441\u0438\u0447\u0435\u0441\u043a\u0438\u0439 \u0441\u0442\u0438\u043b\u044c \u0430\u043a\u0442\u0443\u0430\u043b\u0435\u043d \u0432 \u043b\u044e\u0431\u044b\u0435 \u0432\u0440\u0435\u043c\u0435\u043d\u0430.", "is_active": true}}, {"model": "mainapp.productcategory", "pk": 5, "fields": {"name": "\u0441\u0443\u043f\u0435\u0440-\u043f\u0443\u043f\u0435\u0440", "description": "\u0441\u0443\u043f\u0435\u0440-\u043f\u0443\u043f\u0435\u0440 \u043a\u0430\u0442\u0435\u0433\u043e\u0440\u0438\u044f \u0441\u0438\u0434\u0443\u0445\u043e\u0432", "is_active": true}}, {"model": "mainapp.productcategory", "pk": 9, "fields": {"name": "test2", "description": "test2", "is_active": false}}, {"model": "mainapp.product", "pk": 1, "fields": {"category": 1, "name": "\u043a\u043e\u043c\u0444\u043e\u0440\u0442 1", "image": "products_images/product-1.jpg", "short_desc": "\u043a\u043e\u043c\u0444\u043e\u0440\u0442\u043d\u044b\u0439 \u0441\u0442\u0443\u043b", "description": "\u043f\u043e\u0434\u043e\u0439\u0434\u0435\u0442 \u0434\u043b\u044f \u043f\u0440\u043e\u0441\u043c\u043e\u0442\u0440\u0430 \u0444\u0438\u043b\u044c\u043c\u043e\u0432", "price": "2989.50", "quantity": 13, "is_active": true}}, {"model": "mainapp.product", "pk": 2, "fields": {"category": 1, "name": "\u043a\u043e\u043c\u0444\u043e\u0440\u0442 2", "image": "products_images/product-2.jpg", "short_desc": "\u043e\u0447\u0435\u043d\u044c \u043a\u043e\u043c\u0444\u043e\u0440\u0442\u043d\u044b\u0439 \u0441\u0442\u0443\u043b", "description": "\u043f\u043e\u0434\u043e\u0439\u0434\u0435\u0442 \u0434\u043b\u044f \u043e\u0431\u0449\u0435\u043d\u0438\u044f \u0441 \u0434\u0440\u0443\u0437\u044c\u044f\u043c\u0438", "price": "3687.20", "quantity": 21, "is_active": true}}, {"model": "mainapp.product", "pk": 3, "fields": {"category": 1, "name": "\u043b\u044e\u043a\u0441", "image": "products_images/product-3.jpg", "short_desc": "\u0438\u0441\u043f\u043e\u043b\u044c\u0437\u043e\u0432\u0430\u043d\u044b \u043f\u0440\u0435\u043c\u0438\u0430\u043b\u044c\u043d\u044b\u0435 \u043c\u0430\u0442\u0435\u0440\u0438\u0430\u043b\u044b", "description": "\u0434\u043b\u044f \u0442\u0435\u0445, \u043a\u0442\u043e \u0441\u0442\u0440\u0435\u043c\u0438\u0442\u0441\u044f \u043a \u043b\u0443\u0447\u0448\u0435\u043c\u0443", "price": "8157.99", "quantity": 7, "is_active": true}}, {"model": "mainapp.product", "pk": 4, "fields": {"category": 2, "name": "\u0441\u0442\u0430\u043d\u0434\u0430\u0440\u0442", "image": "products_images/product-4.jpg", "short_desc": "\u0443\u043d\u0438\u0432\u0435\u0440\u0441\u0430\u043b\u044c\u043d\u043e\u0435 \u0440\u0435\u0448\u0435\u043d\u0438\u0435", "description": "\u043f\u043e\u0434\u043e\u0439\u0434\u0435\u0442 \u0434\u043b\u044f \u043b\u044e\u0431\u043e\u0433\u043e \u043e\u0444\u0438\u0441\u0430", "price": "1895.25", "quantity": 29, "is_active": true}}, {"model": "mainapp.product", "pk": 5, "fields": {"category": 2, "name": "\u043f\u0440\u0435\u043c\u0438\u0443\u043c", "image": "products_images/product-5.jpg", "short_desc": "\u0443\u043b\u0443\u0447\u0448\u0435\u043d\u043d\u044b\u0439 \u0434\u0438\u0437\u0430\u0439\u043d", "description": "\u0438\u0434\u0435\u0430\u043b\u044c\u043d\u043e \u0432\u043f\u0438\u0448\u0435\u0442\u0441\u044f \u0432 \u0441\u0442\u0440\u043e\u0433\u0438\u0439 \u0438\u043d\u0442\u0435\u0440\u044c\u0435\u0440 \u043e\u0444\u0438\u0441\u0430", "price": "3587.41", "quantity": 6, "is_active": true}}, {"model": "mainapp.product", "pk": 6, "fields": {"category": 3, "name": "\u043d\u043e\u0432\u0438\u043d\u043a\u0430", "image": "products_images/product-6.jpg", "short_desc": "\u0438\u043d\u043d\u043e\u0432\u0430\u0446\u0438\u043e\u043d\u043d\u044b\u0439 \u0434\u0438\u0437\u0430\u0439\u043d", "description": "\u043d\u0435\u0441\u0442\u0430\u043d\u0434\u0430\u0440\u0442\u043d\u043e\u0435 \u0440\u0435\u0448\u0435\u043d\u0438\u0435 \u0434\u043b\u044f \u0441\u043e\u0432\u0440\u0435\u043c\u0435\u043d\u043d\u043e\u0433\u043e \u0438\u043d\u0442\u0435\u0440\u044c\u0435\u0440\u0430", "price": "5361.47", "quantity": 18, "is_active": true}}, {"model": "mainapp.product", "pk": 7, "fields": {"category": 3, "name": "\u043f\u0440\u043e\u0433\u0440\u0435\u0441\u0441", "image": "products_images/product-7.jpg", "short_desc": "\u043f\u0440\u043e\u0433\u0440\u0435\u0441\u0441\u0438\u0432\u043d\u044b\u0439 \u0434\u0438\u0437\u0430\u0439\u043d", "description": "\u0444\u0443\u043d\u043a\u0446\u0438\u043e\u043d\u0430\u043b\u044c\u043d\u043e\u0435 \u0438 \u043a\u043e\u043c\u0444\u043e\u0440\u0442\u043d\u043e\u0435 \u0440\u0435\u0448\u0435\u043d\u0438\u0435", "price": "6789.33", "quantity": 9, "is_active": true}}, {"model": "mainapp.product", "pk": 8, "fields": {"category": 4, "name": "\u0432\u0435\u043d\u0435\u0446\u0438\u044f", "image": "products_images/product-8.jpg", "short_desc": "\u043a\u043b\u0430\u0441\u0441\u0438\u0447\u0435\u0441\u043a\u0438\u0435 \u0444\u043e\u0440\u043c\u044b", "description": "\u043e\u043a\u0443\u043d\u0438\u0442\u0435\u0441\u044c \u0432 \u0435\u0432\u0440\u043e\u043f\u0435\u0439\u0441\u043a\u0438\u0439 \u043a\u043e\u043c\u0444\u043e\u0440\u0442", "price": "4147.51", "quantity": 22, "is_active": true}}, {"model": "mainapp.product", "pk": 9, "fields": {"category": 4, "name": "\u0442\u043e\u0441\u043a\u0430\u043d\u0430", "image": "products_images/product-9.jpg", "short_desc": "\u044d\u0440\u0433\u043e\u043d\u043e\u043c\u0438\u0447\u043d\u0430\u044f \u0441\u043f\u0438\u043d\u043a\u0430", "description": "\u043f\u043e\u0447\u0443\u0432\u0441\u0442\u0432\u0443\u0439\u0442\u0435 \u043a\u043e\u043c\u0444\u043e\u0440\u0442 \u0438 \u043d\u0430\u0441\u043b\u0430\u0434\u0438\u0442\u0435\u0441\u044c \u0446\u0432\u0435\u0442\u043e\u0432\u043e\u0439 \u0433\u0430\u043c\u043c\u043e\u0439", "price": "7147.35", "quantity": 18, "is_active": true}}, {"model": "mainapp.product", "pk": 10, "fields": {"category": 4, "name": "\u0440\u0438\u043c", "image": "products_images/product-10.jpg", "short_desc": "\u0443\u0434\u0430\u0447\u043d\u044b\u0435 \u043f\u0440\u043e\u043f\u043e\u0440\u0446\u0438\u0438", "description": "\u043a\u043e\u043c\u043f\u0430\u043a\u0442\u043d\u043e\u0441\u0442\u044c \u0438 \u0444\u0443\u043d\u043a\u0446\u0438\u043e\u043d\u0430\u043b\u044c\u043d\u043e\u0441\u0442\u044c", "price": "8357.77", "quantity": 7, "is_active": true}}, {"model": "authapp.shopuser", "pk": 1, "fields": {"password": "pbkdf2_sha256$120000$S0DDYqlu6niu$nNwNFK8Zmf4NqyVkBUec9KZt4bJbZhPQc4PI2/L+VoA=", "last_login": "2019-02-04T16:24:48.833Z", "is_superuser": true, "username": "django", "first_name": "", "last_name": "", "email": "django@geekshop.local", "is_staff": true, "is_active": true, "date_joined": "2017-10-16T12:36:43.476Z", "avatar": "users_avatars/Koala_njTAdZ2.jpg", "age": 33, "activation_key": "", "activation_key_expires": "2019-01-31T13:07:07.061Z", "groups": [], "user_permissions": []}}, {"model": "authapp.shopuser", "pk": 2, "fields": {"password": "pbkdf2_sha256$120000$NOKdX8uN5mCR$CqDSjgPQXEWgTkeNA/WOrOKnHC4LyultMLQ23ZCOA2k=", "last_login": "2019-01-11T10:29:51Z", "is_superuser": false, "username": "testttt", "first_name": "test", "last_name": "", "email": "1@1.com", "is_staff": false, "is_active": true, "date_joined": "2019-01-11T10:29:41Z", "avatar": "", "age": 30, "activation_key": "", "activation_key_expires": "2019-01-31T13:07:07.061Z", "groups": [], "user_permissions": []}}, {"model": "authapp.shopuser", "pk": 3, "fields": {"password": "pbkdf2_sha256$120000$B73ub2dxtPoM$anEEkCyA8/UlnAFltXFDz2HbZM9NOoR7mx1be8cE33E=", "last_login": null, "is_superuser": false, "username": "test22", "first_name": "test222", "last_name": "", "email": "334@safs.com", "is_staff": false, "is_active": false, "date_joined": "2019-01-29T13:39:49.045Z", "avatar": "", "age": 30, "activation_key": "10f89a73ef5d305cc5568b13653e728211c54521", "activation_key_expires": "2019-01-31T13:38:41.060Z", "groups": [], "user_permissions": []}}, {"model": "authapp.shopuser", "pk": 4, "fields": {"password": "pbkdf2_sha256$120000$Io7fieQMdx47$8fC20fjla5HtRz8n8qjKQSfsIVoByzy1IcZb/RKnsH0=", "last_login": "2019-01-29T13:53:49.507Z", "is_superuser": false, "username": "2222", "first_name": "2222", "last_name": "", "email": "222@ass.com", "is_staff": false, "is_active": true, "date_joined": "2019-01-29T13:52:58.191Z", "avatar": "", "age": 30, "activation_key": "2443d1a9d8c7ce03feca26fcd73aba9f54cbbb58", "activation_key_expires": "2019-01-31T13:52:09.234Z", "groups": [], "user_permissions": []}}, {"model": "authapp.shopuser", "pk": 5, "fields": {"password": "pbkdf2_sha256$120000$s1TDa36NcwGl$XfpZZLsYMZ4+3Rf6wUW15HaN8rBacVDq+Ur7IVeUnIY=", "last_login": "2019-01-30T04:13:12.524Z", "is_superuser": false, "username": "1234", "first_name": "1234", "last_name": "", "email": "asa@asd.com", "is_staff": false, "is_active": true, "date_joined": "2019-01-30T04:09:12.175Z", "avatar": "", "age": 23, "activation_key": "6833d3b06a5da11b1b4d62e91202d5ad98616d35", "activation_key_expires": "2019-02-01T02:10:18.111Z", "groups": [], "user_permissions": []}}, {"model": "authapp.shopuser", "pk": 6, "fields": {"password": "pbkdf2_sha256$120000$UlytGHjCs7Hu$cDOiIjLnX7mKCThyO7NlAX+qvbI+wUYT9CS7nyHMO2Q=", "last_login": "2019-01-30T04:27:18.133Z", "is_superuser": false, "username": "wert", "first_name": "Wert", "last_name": "", "email": "asas@dd.com", "is_staff": false, "is_active": true, "date_joined": "2019-01-30T04:23:49.745Z", "avatar": "", "age": 24, "activation_key": "efe258b14175a06499631874ffddb5314fad7191", "activation_key_expires": "2019-02-01T04:21:55.253Z", "groups": [], "user_permissions": []}}, {"model": "authapp.shopuser", "pk": 7, "fields": {"password": "pbkdf2_sha256$120000$YrU0qzxE3594$T7UHdpz1K3di+35SCWtsZOuJuatQBgbVwB/7qxsE2j8=", "last_login": "2019-01-30T04:33:44.938Z", "is_superuser": false, "username": "wertu", "first_name": "Wertu", "last_name": "", "email": "wertu@local.local", "is_staff": false, "is_active": true, "date_joined": "2019-01-30T04:32:24.534Z", "avatar": "", "age": 40, "activation_key": "71efb73e3ad0c7ecc13ca15a9c4db4369ad16c91", "activation_key_expires": "2019-02-01T04:31:29.231Z", "groups": [], "user_permissions": []}}, {"model": "authapp.shopuser", "pk": 8, "fields": {"password": "pbkdf2_sha256$120000$jfChBFMR4rHZ$sIojmulHQziEAFvVl3l96x7glnpZlJPtGl0UtfdCnh0=", "last_login": null, "is_superuser": false, "username": "qwert", "first_name": "QWERT", "last_name": "", "email": "ww@www.com", "is_staff": false, "is_active": false, "date_joined": "2019-01-30T05:03:53.189Z", "avatar": "", "age": 23, "activation_key": "65990818cd0633c829ebf715fce4b6497dba1e6b", "activation_key_expires": "2019-02-01T05:03:03.475Z", "groups": [], "user_permissions": []}}, {"model": "authapp.shopuser", "pk": 9, "fields": {"password": "pbkdf2_sha256$120000$12mbYlpVSeGS$KCBDxb0XXasqLTjitqYt6Qynn0wQSvjQALwjcJmNanE=", "last_login": null, "is_superuser": false, "username": "qaz", "first_name": "QAZ", "last_name": "", "email": "qaz@www.com", "is_staff": false, "is_active": false, "date_joined": "2019-01-30T05:05:14.495Z", "avatar": "", "age": 23, "activation_key": "4b3f2b1018ebc74b00a8fe12f2a533f46c869440", "activation_key_expires": "2019-02-01T05:04:42.248Z", "groups": [], "user_permissions": []}}, {"model": "authapp.shopuser", "pk": 10, "fields": {"password": "!BTSwkO1j9awFEscQD2R9PjoaGaj3h0kzihrc3YHJ", "last_login": "2019-02-02T04:18:29.691Z", "is_superuser": false, "username": "eugene.batyaev", "first_name": "Eugene", "last_name": "Batyaev", "email": "eugene.batyaev@gmail.com", "is_staff": false, "is_active": true, "date_joined": "2019-02-02T04:18:29.628Z", "avatar": "", "age": 18, "activation_key": "", "activation_key_expires": "2019-02-04T04:17:18.602Z", "groups": [], "user_permissions": []}}, {"model": "authapp.shopuser", "pk": 11, "fields": {"password": "pbkdf2_sha256$120000$bySc6wITpyXz$z22LoJgftW041QUY8dka3Nvqb+40O9BFPcf6yT292xM=", "last_login": "2019-02-11T16:25:07.541Z", "is_superuser": false, "username": "vasya", "first_name": "\u0412\u0430\u0441\u0438\u043b\u0438\u0439", "last_name": "", "email": "vasya@sam.com", "is_staff": false, "is_active": true, "date_joined": "2019-02-02T04:23:37.105Z", "avatar": "", "age": 26, "activation_key": "6da7a65115e8d7faf9b16e384f858b070c6aa558", "activation_key_expires": "2019-02-04T04:22:46.747Z", "groups": [], "user_permissions": []}}, {"model": "authapp.shopuser", "pk": 12, "fields": {"password": "pbkdf2_sha256$120000$hZfdCeKGJIMO$F9tA6I04ev/idh4clfm1F2OzAVN+qh5yuDvKkvuh/Xk=", "last_login": "2019-02-02T04:30:35.136Z", "is_superuser": false, "username": "vasya2", "first_name": "\u0412\u0430\u0441\u0438\u043b\u0438\u04392", "last_name": "", "email": "asafs@askhjk.com", "is_staff": false, "is_active": true, "date_joined": "2019-02-02T04:28:38.589Z", "avatar": "users_avatars/Hydrangeas_CVL9b7F.jpg", "age": 24, "activation_key": "11ac2c48adb038d2f6a62fe51154f854b56a5e62", "activation_key_expires": "2019-02-04T04:27:47.260Z", "groups": [], "user_permissions": []}}, {"model": "authapp.shopuserprofile", "pk": 1, "fields": {"user": 1, "tagline": "", "aboutMe": "", "gender": ""}}, {"model": "authapp.shopuserprofile", "pk": 2, "fields": {"user": 2, "tagline": "", "aboutMe": "", "gender": ""}}, {"model": "authapp.shopuserprofile", "pk": 3, "fields": {"user": 3, "tagline": "", "aboutMe": "", "gender": ""}}, {"model": "authapp.shopuserprofile", "pk": 4, "fields": {"user": 4, "tagline": "", "aboutMe": "", "gender": ""}}, {"model": "authapp.shopuserprofile", "pk": 5, "fields": {"user": 5, "tagline": "", "aboutMe": "", "gender": ""}}, {"model": "authapp.shopuserprofile", "pk": 6, "fields": {"user": 6, "tagline": "", "aboutMe": "", "gender": ""}}, {"model": "authapp.shopuserprofile", "pk": 7, "fields": {"user": 7, "tagline": "", "aboutMe": "", "gender": ""}}, {"model": "authapp.shopuserprofile", "pk": 8, "fields": {"user": 8, "tagline": "", "aboutMe": "", "gender": ""}}, {"model": "authapp.shopuserprofile", "pk": 9, "fields": {"user": 9, "tagline": "", "aboutMe": "", "gender": ""}}, {"model": "authapp.shopuserprofile", "pk": 10, "fields": {"user": 10, "tagline": "", "aboutMe": "", "gender": ""}}, {"model": "authapp.shopuserprofile", "pk": 11, "fields": {"user": 11, "tagline": "", "aboutMe": "", "gender": "M"}}, {"model": "authapp.shopuserprofile", "pk": 12, "fields": {"user": 12, "tagline": "", "aboutMe": "", "gender": ""}}, {"model": "basketapp.basket", "pk": 25, "fields": {"user": 2, "product": 9, "quantity": 2, "add_datetime": "2019-01-12T09:57:05.198Z"}}, {"model": "basketapp.basket", "pk": 30, "fields": {"user": 4, "product": 7, "quantity": 1, "add_datetime": "2019-01-29T14:10:16.171Z"}}, {"model": "basketapp.basket", "pk": 31, "fields": {"user": 4, "product": 3, "quantity": 1, "add_datetime": "2019-01-29T14:10:17.314Z"}}, {"model": "basketapp.basket", "pk": 32, "fields": {"user": 4, "product": 4, "quantity": 1, "add_datetime": "2019-01-29T14:10:17.542Z"}}, {"model": "basketapp.basket", "pk": 33, "fields": {"user": 4, "product": 6, "quantity": 1, "add_datetime": "2019-01-29T14:10:17.757Z"}}, {"model": "basketapp.basket", "pk": 34, "fields": {"user": 4, "product": 10, "quantity": 1, "add_datetime": "2019-01-29T14:10:36.081Z"}}, {"model": "basketapp.basket", "pk": 35, "fields": {"user": 5, "product": 8, "quantity": 1, "add_datetime": "2019-01-30T04:11:02.260Z"}}, {"model": "basketapp.basket", "pk": 36, "fields": {"user": 6, "product": 5, "quantity": 2, "add_datetime": "2019-01-30T04:27:29.028Z"}}, {"model": "social_django.usersocialauth", "pk": 1, "fields": {"user": 10, "provider": "google-oauth2", "uid": "eugene.batyaev@gmail.com", "extra_data": "{\"auth_time\": 1549081109, \"expires\": 3600, \"token_type\": \"Bearer\", \"access_token\": \"ya29.GlukBhZiwELAzCIIG_EzWJVCnjd0iBG8QS2q-EMfbG5GfWkqrqzvbuYRSwu5GvV2AfWI7I8a8X2Zcq8Kw3Yu1wJY5K3NCRWSzsj262oRAO1sah1BaSkXKbvzJsQG\"}"}}, {"model": "ordersapp.order", "pk": 24, "fields": {"user": 11, "created": "2019-02-11T16:21:45.764Z", "updated": "2019-02-11T16:22:21.618Z", "status": "FM", "is_active": false}}, {"model": "ordersapp.order", "pk": 25, "fields": {"user": 11, "created": "2019-02-11T16:25:28.615Z", "updated": "2019-02-11T16:25:28.629Z", "status": "FM", "is_active": true}}, {"model": "ordersapp.orderitem", "pk": 37, "fields": {"order": 25, "product": 7, "quantity": 1}}]